timestamp,device,out_channels,mode,frequency_hz,amplitude_dbfs,L_rms_dbfs,R_rms_dbfs,L_peak_dbfs,R_peak_dbfs,L_crest,R_crest,balance_db,L_thd_pct,R_thd_pct,L_xtalk_dbfs,R_xtalk_dbfs
2026-03-16T12:12:43,short_orange,"3,4",L_only,20.0,-6,-33.92,-43.6,-33.81,-43.27,1.012,1.039,9.677,123.752,163.391,,-120.1
2026-03-16T12:12:45,short_orange,"3,4",R_only,20.0,-6,-33.92,-43.59,-33.81,-43.19,1.012,1.047,9.671,75.343,142.578,-114.14,
2026-03-16T12:12:48,short_orange,"3,4",both,20.0,-6,-33.93,-43.61,-33.81,-43.3,1.013,1.035,9.679,143.851,93.933,,
2026-03-16T12:12:50,short_orange,"3,4",L_only,25.96,-6,-33.93,-43.57,-33.81,-43.23,1.013,1.04,9.644,170.525,179.448,,-122.03
2026-03-16T12:12:52,short_orange,"3,4",R_only,25.96,-6,-33.92,-43.57,-33.81,-43.27,1.013,1.036,9.645,170.441,294.243,-120.5,
2026-03-16T12:12:54,short_orange,"3,4",both,25.96,-6,-33.93,-43.59,-33.83,-43.27,1.012,1.039,9.661,127.135,78.132,,
2026-03-16T12:12:56,short_orange,"3,4",L_only,33.69,-6,-33.93,-43.56,-33.81,-43.23,1.013,1.04,9.636,119.052,239.287,,-124.83
2026-03-16T12:12:58,short_orange,"3,4",R_only,33.69,-6,-33.93,-43.56,-33.81,-43.23,1.013,1.039,9.635,112.037,195.89,-120.95,
2026-03-16T12:13:00,short_orange,"3,4",both,33.69,-6,-33.92,-43.61,-33.83,-43.27,1.011,1.041,9.686,111.581,72.673,,
2026-03-16T12:13:02,short_orange,"3,4",L_only,43.73,-6,-33.93,-43.58,-33.8,-43.27,1.015,1.037,9.656,139.448,136.003,,-119.62
2026-03-16T12:13:04,short_orange,"3,4",R_only,43.73,-6,-33.93,-43.56,-33.81,-43.23,1.014,1.039,9.629,97.917,146.263,-118.65,
2026-03-16T12:13:06,short_orange,"3,4",both,43.73,-6,-33.94,-43.58,-33.83,-43.23,1.013,1.041,9.642,163.672,138.258,,
2026-03-16T12:13:08,short_orange,"3,4",L_only,56.75,-6,-33.93,-43.57,-33.8,-43.27,1.015,1.036,9.636,135.773,216.727,,-126.22
2026-03-16T12:13:10,short_orange,"3,4",R_only,56.75,-6,-33.93,-43.56,-33.83,-43.23,1.012,1.039,9.629,127.967,149.553,-122.12,
2026-03-16T12:13:12,short_orange,"3,4",both,56.75,-6,-33.93,-43.61,-33.83,-43.3,1.012,1.035,9.672,69.852,242.013,,
2026-03-16T12:13:14,short_orange,"3,4",L_only,73.66,-6,-33.93,-43.57,-33.83,-43.19,1.011,1.045,9.642,142.531,177.692,,-124.6
2026-03-16T12:13:16,short_orange,"3,4",R_only,73.66,-6,-33.93,-43.57,-33.81,-43.23,1.013,1.04,9.641,107.455,156.344,-120.75,
2026-03-16T12:13:18,short_orange,"3,4",both,73.66,-6,-33.94,-43.63,-33.83,-43.34,1.013,1.033,9.691,73.853,135.351,,
2026-03-16T12:13:20,short_orange,"3,4",L_only,95.6,-6,-33.93,-43.59,-33.8,-43.27,1.014,1.039,9.669,217.004,116.49,,-121.66
2026-03-16T12:13:23,short_orange,"3,4",R_only,95.6,-6,-33.92,-43.6,-33.79,-43.3,1.015,1.035,9.681,307.264,68.651,-127.58,
2026-03-16T12:13:25,short_orange,"3,4",both,95.6,-6,-33.92,-43.59,-33.83,-43.23,1.011,1.042,9.662,80.899,142.26,,
2026-03-16T12:13:27,short_orange,"3,4",L_only,124.07,-6,-33.92,-43.57,-33.8,-43.27,1.014,1.036,9.649,125.859,158.457,,-124.55
2026-03-16T12:13:29,short_orange,"3,4",R_only,124.07,-6,-33.93,-43.57,-33.81,-43.23,1.013,1.04,9.641,285.145,107.286,-128.57,
2026-03-16T12:13:31,short_orange,"3,4",both,124.07,-6,-33.93,-43.6,-33.81,-43.27,1.014,1.039,9.664,109.361,72.382,,
2026-03-16T12:13:33,short_orange,"3,4",L_only,161.03,-6,-33.92,-43.55,-33.8,-43.23,1.014,1.038,9.628,150.302,125.607,,-122.65
2026-03-16T12:13:35,short_orange,"3,4",R_only,161.03,-6,-33.91,-43.56,-33.8,-43.19,1.013,1.043,9.641,121.232,87.478,-124.44,
2026-03-16T12:13:37,short_orange,"3,4",both,161.03,-6,-33.92,-43.59,-33.8,-43.27,1.014,1.038,9.67,150.387,94.678,,
2026-03-16T12:13:39,short_orange,"3,4",L_only,209.0,-6,-33.92,-43.56,-33.8,-43.23,1.013,1.039,9.64,189.541,128.795,,-124.07
2026-03-16T12:13:41,short_orange,"3,4",R_only,209.0,-6,-33.91,-43.57,-33.8,-43.23,1.013,1.041,9.661,114.138,175.656,-121.28,
2026-03-16T12:13:43,short_orange,"3,4",both,209.0,-6,-33.92,-43.59,-33.8,-43.27,1.013,1.038,9.671,119.947,134.998,,
2026-03-16T12:13:45,short_orange,"3,4",L_only,271.26,-6,-33.92,-43.6,-33.81,-43.27,1.012,1.039,9.677,91.244,112.085,,-124.95
2026-03-16T12:13:47,short_orange,"3,4",R_only,271.26,-6,-33.92,-43.59,-33.81,-43.23,1.013,1.042,9.662,79.784,156.859,-121.03,
2026-03-16T12:13:49,short_orange,"3,4",both,271.26,-6,-33.93,-43.6,-33.81,-43.27,1.013,1.039,9.67,102.707,93.534,,
2026-03-16T12:13:51,short_orange,"3,4",L_only,352.06,-6,-33.92,-43.55,-33.81,-43.19,1.012,1.042,9.628,137.379,141.638,,-126.21
2026-03-16T12:13:53,short_orange,"3,4",R_only,352.06,-6,-33.92,-43.6,-33.81,-43.3,1.012,1.034,9.68,118.571,101.058,-121.94,
2026-03-16T12:13:55,short_orange,"3,4",both,352.06,-6,-33.93,-43.6,-33.83,-43.27,1.013,1.04,9.668,102.094,106.324,,
2026-03-16T12:13:57,short_orange,"3,4",L_only,456.94,-6,-33.92,-43.58,-33.81,-43.27,1.013,1.036,9.653,112.096,111.152,,-123.97
2026-03-16T12:14:00,short_orange,"3,4",R_only,456.94,-6,-33.92,-43.57,-33.8,-43.19,1.013,1.044,9.65,223.132,72.585,-129.4,
2026-03-16T12:14:02,short_orange,"3,4",both,456.94,-6,-33.92,-43.6,-33.81,-43.27,1.013,1.039,9.678,122.645,62.023,,
2026-03-16T12:14:04,short_orange,"3,4",L_only,593.05,-6,-33.92,-43.58,-33.79,-43.23,1.015,1.041,9.66,86.378,80.983,,-123.1
2026-03-16T12:14:06,short_orange,"3,4",R_only,593.05,-6,-33.92,-43.6,-33.8,-43.27,1.014,1.039,9.676,200.635,169.508,-128.93,
2026-03-16T12:14:08,short_orange,"3,4",both,593.05,-6,-33.94,-43.63,-33.83,-43.3,1.013,1.039,9.696,79.49,93.194,,
2026-03-16T12:14:10,short_orange,"3,4",L_only,769.71,-6,-33.92,-43.55,-33.8,-43.19,1.013,1.043,9.637,195.445,112.357,,-123.95
2026-03-16T12:14:12,short_orange,"3,4",R_only,769.71,-6,-33.91,-43.59,-33.79,-43.19,1.015,1.047,9.675,140.949,140.364,-124.97,
2026-03-16T12:14:14,short_orange,"3,4",both,769.71,-6,-33.93,-43.61,-33.81,-43.19,1.013,1.05,9.688,69.889,59.727,,
2026-03-16T12:14:16,short_orange,"3,4",L_only,999.0,-6,-33.91,-43.59,-33.8,-43.27,1.013,1.038,9.677,54.708,51.493,,-115.05
2026-03-16T12:14:18,short_orange,"3,4",R_only,999.0,-6,-33.91,-43.59,-33.8,-43.27,1.013,1.038,9.678,40.949,56.843,-114.83,
2026-03-16T12:14:20,short_orange,"3,4",both,999.0,-6,-33.92,-43.6,-33.81,-43.27,1.012,1.039,9.681,59.121,54.245,,
2026-03-16T12:14:22,short_orange,"3,4",L_only,1000.0,-6,-33.91,-43.56,-33.79,-43.23,1.014,1.039,9.644,103.296,92.694,,-112.68
2026-03-16T12:14:24,short_orange,"3,4",R_only,1000.0,-6,-33.91,-43.54,-33.79,-43.19,1.014,1.041,9.627,89.707,90.947,-113.3,
2026-03-16T12:14:26,short_orange,"3,4",both,1000.0,-6,-33.93,-43.59,-33.81,-43.27,1.013,1.038,9.665,87.769,79.412,,
2026-03-16T12:14:28,short_orange,"3,4",L_only,1534.13,-6,-33.92,-43.59,-33.8,-43.27,1.014,1.038,9.665,160.158,136.881,,-126.44
2026-03-16T12:14:30,short_orange,"3,4",R_only,1534.13,-6,-33.92,-43.58,-33.81,-43.27,1.012,1.037,9.656,122.11,109.717,-126.41,
2026-03-16T12:14:32,short_orange,"3,4",both,1534.13,-6,-33.93,-43.6,-33.8,-43.23,1.015,1.044,9.668,76.16,96.342,,
2026-03-16T12:14:35,short_orange,"3,4",L_only,2353.55,-6,-33.91,-43.6,-33.81,-43.27,1.012,1.039,9.684,210.505,322.502,,-131.97
2026-03-16T12:14:37,short_orange,"3,4",R_only,2353.55,-6,-33.91,-43.6,-33.8,-43.27,1.012,1.039,9.691,194.879,291.287,-130.27,
2026-03-16T12:14:39,short_orange,"3,4",both,2353.55,-6,-33.91,-43.61,-33.79,-43.19,1.014,1.049,9.696,160.388,150.626,,
2026-03-16T12:14:41,short_orange,"3,4",L_only,3610.64,-6,-33.91,-43.59,-33.79,-43.15,1.014,1.052,9.681,183.711,147.176,,-126.28
2026-03-16T12:14:43,short_orange,"3,4",R_only,3610.64,-6,-33.91,-43.6,-33.79,-43.15,1.014,1.053,9.693,127.233,149.91,-128.15,
2026-03-16T12:14:45,short_orange,"3,4",both,3610.64,-6,-33.92,-43.59,-33.79,-43.27,1.015,1.038,9.673,160.811,239.419,,
2026-03-16T12:14:47,short_orange,"3,4",L_only,5539.18,-6,-33.91,-43.57,-33.8,-43.23,1.012,1.04,9.66,101.5,115.512,,-126.61
2026-03-16T12:14:49,short_orange,"3,4",R_only,5539.18,-6,-33.91,-43.57,-33.8,-43.23,1.013,1.04,9.662,136.669,101.416,-128.49,
2026-03-16T12:14:51,short_orange,"3,4",both,5539.18,-6,-33.92,-43.57,-33.81,-43.19,1.012,1.045,9.651,81.087,115.063,,
2026-03-16T12:14:53,short_orange,"3,4",L_only,8497.81,-6,-33.91,-43.56,-33.8,-43.27,1.013,1.034,9.647,104.425,156.998,,-131.64
2026-03-16T12:14:55,short_orange,"3,4",R_only,8497.81,-6,-33.92,-43.55,-33.8,-43.23,1.014,1.037,9.625,168.848,81.618,-135.47,
2026-03-16T12:14:57,short_orange,"3,4",both,8497.81,-6,-33.92,-43.56,-33.81,-43.23,1.013,1.039,9.633,225.923,94.78,,
2026-03-16T12:14:59,short_orange,"3,4",L_only,13036.73,-6,-33.91,-43.55,-33.8,-43.23,1.012,1.038,9.644,0.0,0.0,,-130.48
2026-03-16T12:15:01,short_orange,"3,4",R_only,13036.73,-6,-33.91,-43.56,-33.79,-43.19,1.015,1.043,9.644,0.0,0.0,-126.72,
2026-03-16T12:15:03,short_orange,"3,4",both,13036.73,-6,-33.93,-43.59,-33.81,-43.3,1.013,1.034,9.665,0.0,0.0,,
2026-03-16T12:15:05,short_orange,"3,4",L_only,20000.0,-6,-33.92,-43.56,-33.8,-43.23,1.014,1.039,9.636,0.0,0.0,,-121.89
2026-03-16T12:15:07,short_orange,"3,4",R_only,20000.0,-6,-33.92,-43.55,-33.81,-43.23,1.013,1.038,9.631,0.0,0.0,-122.64,
2026-03-16T12:15:09,short_orange,"3,4",both,20000.0,-6,-33.93,-43.59,-33.81,-43.23,1.014,1.043,9.655,0.0,0.0,,
2026-03-16T12:15:12,short_orange,"3,4",L_only,20.0,-12,-33.91,-43.56,-33.79,-43.11,1.015,1.053,9.647,73.521,99.891,,-116.8
2026-03-16T12:15:14,short_orange,"3,4",R_only,20.0,-12,-33.92,-43.58,-33.79,-43.15,1.015,1.051,9.668,160.22,134.891,-119.77,
2026-03-16T12:15:16,short_orange,"3,4",both,20.0,-12,-33.92,-43.58,-33.8,-43.19,1.014,1.046,9.663,156.04,63.201,,
2026-03-16T12:15:18,short_orange,"3,4",L_only,25.96,-12,-33.92,-43.55,-33.8,-43.19,1.014,1.043,9.633,119.895,112.206,,-118.16
2026-03-16T12:15:20,short_orange,"3,4",R_only,25.96,-12,-33.92,-43.56,-33.79,-43.19,1.015,1.044,9.647,144.132,148.851,-119.51,
2026-03-16T12:15:22,short_orange,"3,4",both,25.96,-12,-33.93,-43.61,-33.81,-43.23,1.013,1.045,9.679,85.756,65.86,,
2026-03-16T12:15:24,short_orange,"3,4",L_only,33.69,-12,-33.92,-43.58,-33.8,-43.19,1.014,1.046,9.656,76.355,31.314,,-112.6
2026-03-16T12:15:26,short_orange,"3,4",R_only,33.69,-12,-33.92,-43.58,-33.81,-43.0,1.012,1.069,9.658,157.713,72.074,-119.03,
2026-03-16T12:15:28,short_orange,"3,4",both,33.69,-12,-33.93,-43.61,-33.83,-43.27,1.012,1.041,9.688,74.653,55.975,,
2026-03-16T12:15:30,short_orange,"3,4",L_only,43.73,-12,-33.93,-43.58,-33.83,-43.27,1.012,1.037,9.651,87.045,119.384,,-120.49
2026-03-16T12:15:32,short_orange,"3,4",R_only,43.73,-12,-33.92,-43.56,-33.8,-43.23,1.014,1.04,9.646,96.908,71.129,-121.18,
2026-03-16T12:15:34,short_orange,"3,4",both,43.73,-12,-33.93,-43.59,-33.81,-43.27,1.013,1.038,9.663,99.661,71.117,,
2026-03-16T12:15:36,short_orange,"3,4",L_only,56.75,-12,-33.92,-43.57,-33.81,-43.27,1.012,1.036,9.652,103.283,227.236,,-125.64
2026-03-16T12:15:38,short_orange,"3,4",R_only,56.75,-12,-33.91,-43.57,-33.8,-43.23,1.013,1.041,9.66,71.614,119.156,-119.04,
2026-03-16T12:15:40,short_orange,"3,4",both,56.75,-12,-33.91,-43.59,-33.8,-43.15,1.013,1.052,9.672,59.567,87.771,,
2026-03-16T12:15:42,short_orange,"3,4",L_only,73.66,-12,-33.92,-43.57,-33.8,-43.19,1.014,1.045,9.652,78.472,103.763,,-119.31
2026-03-16T12:15:44,short_orange,"3,4",R_only,73.66,-12,-33.92,-43.55,-33.81,-43.11,1.012,1.052,9.633,118.86,130.16,-121.64,
2026-03-16T12:15:46,short_orange,"3,4",both,73.66,-12,-33.93,-43.58,-33.8,-43.15,1.014,1.051,9.657,152.421,140.851,,
2026-03-16T12:15:49,short_orange,"3,4",L_only,95.6,-12,-33.93,-43.56,-33.81,-43.23,1.014,1.039,9.629,112.994,105.015,,-122.41
2026-03-16T12:15:51,short_orange,"3,4",R_only,95.6,-12,-33.92,-43.57,-33.79,-43.23,1.015,1.04,9.648,117.704,114.087,-122.0,
2026-03-16T12:15:53,short_orange,"3,4",both,95.6,-12,-33.92,-43.59,-33.83,-43.27,1.011,1.038,9.666,113.549,78.292,,
2026-03-16T12:15:55,short_orange,"3,4",L_only,124.07,-12,-33.92,-43.57,-33.8,-43.27,1.014,1.036,9.654,118.574,87.504,,-118.88
2026-03-16T12:15:57,short_orange,"3,4",R_only,124.07,-12,-33.92,-43.59,-33.81,-43.27,1.013,1.038,9.667,87.126,118.132,-120.98,
2026-03-16T12:15:59,short_orange,"3,4",both,124.07,-12,-33.93,-43.61,-33.83,-43.27,1.012,1.041,9.683,47.043,64.946,,
2026-03-16T12:16:01,short_orange,"3,4",L_only,161.03,-12,-33.93,-43.58,-33.81,-43.27,1.013,1.036,9.649,150.036,91.58,,-122.35
2026-03-16T12:16:03,short_orange,"3,4",R_only,161.03,-12,-33.93,-43.57,-33.8,-43.19,1.015,1.045,9.645,73.082,97.171,-118.85,
2026-03-16T12:16:05,short_orange,"3,4",both,161.03,-12,-33.93,-43.59,-33.8,-43.23,1.015,1.043,9.662,58.587,66.988,,
2026-03-16T12:16:07,short_orange,"3,4",L_only,209.0,-12,-33.93,-43.6,-33.8,-43.23,1.015,1.044,9.673,64.251,70.604,,-119.93
2026-03-16T12:16:09,short_orange,"3,4",R_only,209.0,-12,-33.92,-43.59,-33.8,-43.15,1.014,1.052,9.671,97.877,70.488,-121.43,
2026-03-16T12:16:11,short_orange,"3,4",both,209.0,-12,-33.94,-43.63,-33.81,-43.19,1.014,1.052,9.693,53.243,63.641,,
2026-03-16T12:16:13,short_orange,"3,4",L_only,271.26,-12,-33.92,-43.59,-33.79,-43.19,1.015,1.047,9.671,59.879,84.798,,-120.92
2026-03-16T12:16:15,short_orange,"3,4",R_only,271.26,-12,-33.93,-43.57,-33.81,-43.19,1.013,1.045,9.642,86.441,69.914,-121.05,
2026-03-16T12:16:17,short_orange,"3,4",both,271.26,-12,-33.93,-43.63,-33.81,-43.3,1.014,1.038,9.696,85.143,53.328,,
2026-03-16T12:16:19,short_orange,"3,4",L_only,352.06,-12,-33.93,-43.63,-33.81,-43.3,1.013,1.039,9.706,64.638,72.436,,-121.11
2026-03-16T12:16:21,short_orange,"3,4",R_only,352.06,-12,-33.92,-43.61,-33.81,-43.27,1.013,1.041,9.692,94.58,121.339,-123.7,
2026-03-16T12:16:24,short_orange,"3,4",both,352.06,-12,-33.94,-43.65,-33.8,-43.34,1.016,1.036,9.714,47.376,45.965,,
2026-03-16T12:16:26,short_orange,"3,4",L_only,456.94,-12,-33.93,-43.62,-33.83,-43.27,1.012,1.041,9.688,89.282,52.16,,-119.54
2026-03-16T12:16:28,short_orange,"3,4",R_only,456.94,-12,-33.93,-43.62,-33.81,-43.3,1.013,1.037,9.689,132.222,94.951,-126.28,
2026-03-16T12:16:30,short_orange,"3,4",both,456.94,-12,-33.93,-43.63,-33.83,-43.27,1.012,1.042,9.693,100.422,66.1,,
2026-03-16T12:16:32,short_orange,"3,4",L_only,593.05,-12,-33.93,-43.61,-33.81,-43.27,1.013,1.04,9.677,76.765,60.158,,-119.2
2026-03-16T12:16:34,short_orange,"3,4",R_only,593.05,-12,-33.92,-43.63,-33.8,-43.3,1.014,1.038,9.706,64.463,117.028,-120.17,
2026-03-16T12:16:36,short_orange,"3,4",both,593.05,-12,-33.93,-43.64,-33.83,-43.3,1.012,1.039,9.706,49.309,74.308,,
2026-03-16T12:16:38,short_orange,"3,4",L_only,769.71,-12,-33.93,-43.63,-33.81,-43.23,1.014,1.047,9.694,89.037,88.923,,-121.61
2026-03-16T12:16:40,short_orange,"3,4",R_only,769.71,-12,-33.92,-43.62,-33.8,-43.27,1.014,1.042,9.7,81.605,118.133,-122.18,
2026-03-16T12:16:42,short_orange,"3,4",both,769.71,-12,-33.92,-43.64,-33.81,-43.15,1.013,1.058,9.718,49.013,68.346,,
2026-03-16T12:16:44,short_orange,"3,4",L_only,999.0,-12,-33.92,-43.61,-33.8,-43.19,1.014,1.049,9.682,45.08,35.803,,-113.81
2026-03-16T12:16:46,short_orange,"3,4",R_only,999.0,-12,-33.92,-43.63,-33.81,-43.27,1.013,1.043,9.704,59.057,46.717,-115.82,
2026-03-16T12:16:48,short_orange,"3,4",both,999.0,-12,-33.93,-43.63,-33.8,-43.27,1.014,1.043,9.702,44.012,43.264,,
2026-03-16T12:16:50,short_orange,"3,4",L_only,1000.0,-12,-33.92,-43.63,-33.8,-43.3,1.014,1.038,9.705,72.057,80.938,,-111.8
2026-03-16T12:16:52,short_orange,"3,4",R_only,1000.0,-12,-33.92,-43.62,-33.81,-43.3,1.013,1.037,9.702,108.221,93.685,-113.63,
2026-03-16T12:16:54,short_orange,"3,4",both,1000.0,-12,-33.93,-43.63,-33.83,-43.3,1.012,1.038,9.699,77.833,67.646,,
2026-03-16T12:16:57,short_orange,"3,4",L_only,1534.13,-12,-33.93,-43.58,-33.83,-43.27,1.012,1.037,9.651,116.279,77.89,,-123.26
2026-03-16T12:16:59,short_orange,"3,4",R_only,1534.13,-12,-33.92,-43.59,-33.81,-43.27,1.013,1.038,9.671,156.379,91.963,-126.8,
2026-03-16T12:17:01,short_orange,"3,4",both,1534.13,-12,-33.92,-43.6,-33.81,-43.27,1.012,1.039,9.678,80.085,96.451,,
2026-03-16T12:17:03,short_orange,"3,4",L_only,2353.55,-12,-33.91,-43.55,-33.8,-43.23,1.013,1.038,9.642,190.848,103.013,,-124.44
2026-03-16T12:17:05,short_orange,"3,4",R_only,2353.55,-12,-33.92,-43.57,-33.81,-43.19,1.012,1.045,9.653,191.646,213.071,-130.64,
2026-03-16T12:17:07,short_orange,"3,4",both,2353.55,-12,-33.93,-43.63,-33.83,-43.23,1.011,1.048,9.709,242.221,120.568,,
2026-03-16T12:17:09,short_orange,"3,4",L_only,3610.64,-12,-33.92,-43.61,-33.81,-43.27,1.012,1.041,9.693,71.786,96.347,,-122.52
2026-03-16T12:17:11,short_orange,"3,4",R_only,3610.64,-12,-33.92,-43.6,-33.81,-43.27,1.012,1.04,9.686,155.622,95.9,-126.36,
2026-03-16T12:17:13,short_orange,"3,4",both,3610.64,-12,-33.92,-43.63,-33.81,-43.27,1.012,1.042,9.706,88.033,72.035,,
2026-03-16T12:17:15,short_orange,"3,4",L_only,5539.18,-12,-33.91,-43.62,-33.79,-43.19,1.015,1.051,9.709,99.619,91.223,,-126.51
2026-03-16T12:17:17,short_orange,"3,4",R_only,5539.18,-12,-33.91,-43.58,-33.8,-43.15,1.013,1.051,9.672,100.838,128.965,-127.53,
2026-03-16T12:17:19,short_orange,"3,4",both,5539.18,-12,-33.93,-43.62,-33.8,-43.23,1.014,1.046,9.696,42.567,45.633,,
2026-03-16T12:17:21,short_orange,"3,4",L_only,8497.81,-12,-33.91,-43.6,-33.8,-43.19,1.013,1.049,9.691,47.387,67.416,,-124.49
2026-03-16T12:17:23,short_orange,"3,4",R_only,8497.81,-12,-33.92,-43.61,-33.8,-43.27,1.013,1.041,9.695,23.753,52.301,-124.74,
2026-03-16T12:17:25,short_orange,"3,4",both,8497.81,-12,-33.93,-43.65,-33.79,-43.3,1.016,1.04,9.721,74.46,67.565,,
2026-03-16T12:17:27,short_orange,"3,4",L_only,13036.73,-12,-33.91,-43.62,-33.79,-43.27,1.014,1.041,9.703,0.0,0.0,,-124.67
2026-03-16T12:17:29,short_orange,"3,4",R_only,13036.73,-12,-33.92,-43.63,-33.79,-43.3,1.015,1.038,9.712,0.0,0.0,-125.77,
2026-03-16T12:17:31,short_orange,"3,4",both,13036.73,-12,-33.93,-43.65,-33.81,-43.3,1.013,1.04,9.721,0.0,0.0,,
2026-03-16T12:17:34,short_orange,"3,4",L_only,20000.0,-12,-33.92,-43.62,-33.8,-43.27,1.013,1.042,9.705,0.0,0.0,,-126.47
2026-03-16T12:17:36,short_orange,"3,4",R_only,20000.0,-12,-33.91,-43.63,-33.8,-43.27,1.013,1.043,9.714,0.0,0.0,-124.84,
2026-03-16T12:17:38,short_orange,"3,4",both,20000.0,-12,-33.92,-43.65,-33.81,-43.34,1.012,1.036,9.728,0.0,0.0,,
2026-03-16T12:17:40,short_orange,"3,4",L_only,20.0,-18,-33.91,-43.62,-33.81,-43.3,1.011,1.037,9.711,88.662,40.845,,-110.1
2026-03-16T12:17:42,short_orange,"3,4",R_only,20.0,-18,-33.91,-43.61,-33.77,-43.3,1.015,1.036,9.7,80.109,163.243,-113.82,
2026-03-16T12:17:44,short_orange,"3,4",both,20.0,-18,-33.91,-43.63,-33.8,-43.3,1.013,1.039,9.719,77.061,108.824,,
2026-03-16T12:17:46,short_orange,"3,4",L_only,25.96,-18,-33.91,-43.59,-33.79,-43.27,1.014,1.039,9.683,64.013,113.747,,-117.96
2026-03-16T12:17:48,short_orange,"3,4",R_only,25.96,-18,-33.92,-43.61,-33.8,-43.27,1.013,1.04,9.69,99.489,119.819,-116.93,
2026-03-16T12:17:50,short_orange,"3,4",both,25.96,-18,-33.92,-43.6,-33.81,-43.3,1.013,1.035,9.677,118.018,133.126,,
2026-03-16T12:17:52,short_orange,"3,4",L_only,33.69,-18,-33.91,-43.57,-33.8,-43.27,1.012,1.036,9.664,110.353,94.705,,-117.41
2026-03-16T12:17:54,short_orange,"3,4",R_only,33.69,-18,-33.91,-43.57,-33.8,-43.27,1.013,1.036,9.659,100.686,70.021,-118.55,
2026-03-16T12:17:56,short_orange,"3,4",both,33.69,-18,-33.92,-43.62,-33.8,-43.3,1.014,1.037,9.696,74.215,81.95,,
2026-03-16T12:17:58,short_orange,"3,4",L_only,43.73,-18,-33.91,-43.58,-33.8,-43.19,1.013,1.047,9.67,85.717,73.874,,-114.39
2026-03-16T12:18:00,short_orange,"3,4",R_only,43.73,-18,-33.91,-43.61,-33.79,-43.3,1.014,1.036,9.698,81.951,67.458,-119.16,
2026-03-16T12:18:02,short_orange,"3,4",both,43.73,-18,-33.93,-43.62,-33.83,-43.27,1.011,1.041,9.692,105.824,115.841,,
2026-03-16T12:18:04,short_orange,"3,4",L_only,56.75,-18,-33.92,-43.59,-33.8,-43.27,1.013,1.039,9.678,153.524,92.598,,-117.47
2026-03-16T12:18:07,short_orange,"3,4",R_only,56.75,-18,-33.92,-43.57,-33.83,-43.23,1.011,1.04,9.644,72.09,77.531,-116.63,
2026-03-16T12:18:09,short_orange,"3,4",both,56.75,-18,-33.91,-43.6,-33.81,-43.27,1.012,1.04,9.688,86.753,62.406,,
2026-03-16T12:18:11,short_orange,"3,4",L_only,73.66,-18,-33.92,-43.61,-33.81,-43.27,1.012,1.04,9.688,73.398,45.99,,-116.97
2026-03-16T12:18:13,short_orange,"3,4",R_only,73.66,-18,-33.91,-43.6,-33.8,-43.19,1.013,1.049,9.694,139.352,100.099,-121.75,
2026-03-16T12:18:15,short_orange,"3,4",both,73.66,-18,-33.92,-43.63,-33.81,-43.34,1.012,1.033,9.711,76.552,85.794,,
2026-03-16T12:18:17,short_orange,"3,4",L_only,95.6,-18,-33.91,-43.64,-33.8,-43.3,1.013,1.039,9.729,47.881,106.319,,-121.48
2026-03-16T12:18:19,short_orange,"3,4",R_only,95.6,-18,-33.91,-43.61,-33.8,-43.27,1.013,1.04,9.698,92.67,147.221,-118.96,
2026-03-16T12:18:21,short_orange,"3,4",both,95.6,-18,-33.92,-43.64,-33.81,-43.34,1.012,1.035,9.727,101.4,58.588,,
2026-03-16T12:18:23,short_orange,"3,4",L_only,124.07,-18,-33.9,-43.61,-33.79,-43.3,1.014,1.036,9.711,68.352,55.002,,-115.65
2026-03-16T12:18:25,short_orange,"3,4",R_only,124.07,-18,-33.9,-43.59,-33.79,-43.27,1.013,1.038,9.684,100.622,73.686,-118.66,
2026-03-16T12:18:27,short_orange,"3,4",both,124.07,-18,-33.92,-43.62,-33.8,-43.23,1.013,1.047,9.709,105.43,83.983,,
2026-03-16T12:18:29,short_orange,"3,4",L_only,161.03,-18,-33.91,-43.61,-33.79,-43.23,1.014,1.045,9.697,68.715,106.145,,-121.7
2026-03-16T12:18:31,short_orange,"3,4",R_only,161.03,-18,-33.92,-43.59,-33.81,-43.27,1.012,1.038,9.669,93.003,107.979,-120.31,
2026-03-16T12:18:33,short_orange,"3,4",both,161.03,-18,-33.92,-43.62,-33.81,-43.3,1.012,1.037,9.702,74.341,66.145,,
2026-03-16T12:18:35,short_orange,"3,4",L_only,209.0,-18,-33.92,-43.6,-33.8,-43.27,1.014,1.039,9.675,67.071,79.088,,-119.58
2026-03-16T12:18:37,short_orange,"3,4",R_only,209.0,-18,-33.92,-43.6,-33.81,-43.27,1.012,1.039,9.675,87.932,75.335,-121.99,
2026-03-16T12:18:39,short_orange,"3,4",both,209.0,-18,-33.93,-43.61,-33.81,-43.27,1.014,1.041,9.683,77.53,74.535,,
2026-03-16T12:18:42,short_orange,"3,4",L_only,271.26,-18,-33.92,-43.58,-33.79,-43.15,1.015,1.051,9.669,68.979,97.17,,-121.39
2026-03-16T12:18:44,short_orange,"3,4",R_only,271.26,-18,-33.93,-43.59,-33.8,-43.15,1.015,1.052,9.664,148.215,114.786,-124.47,
2026-03-16T12:18:46,short_orange,"3,4",both,271.26,-18,-33.93,-43.63,-33.8,-43.19,1.015,1.052,9.7,75.857,73.942,,
2026-03-16T12:18:48,short_orange,"3,4",L_only,352.06,-18,-33.92,-43.6,-33.79,-43.23,1.015,1.044,9.686,57.493,81.976,,-123.02
2026-03-16T12:18:50,short_orange,"3,4",R_only,352.06,-18,-33.92,-43.61,-33.81,-43.3,1.012,1.035,9.686,87.988,88.34,-124.0,
2026-03-16T12:18:52,short_orange,"3,4",both,352.06,-18,-33.92,-43.66,-33.8,-43.34,1.014,1.037,9.734,80.963,89.682,,
2026-03-16T12:18:54,short_orange,"3,4",L_only,456.94,-18,-33.91,-43.66,-33.8,-43.34,1.013,1.037,9.747,79.675,101.629,,-123.34
2026-03-16T12:18:56,short_orange,"3,4",R_only,456.94,-18,-33.91,-43.65,-33.8,-43.34,1.013,1.036,9.738,58.604,75.416,-121.78,
2026-03-16T12:18:58,short_orange,"3,4",both,456.94,-18,-33.92,-43.65,-33.81,-43.34,1.013,1.036,9.731,54.241,86.104,,
2026-03-16T12:19:00,short_orange,"3,4",L_only,593.05,-18,-33.91,-43.63,-33.8,-43.3,1.013,1.038,9.711,82.95,62.086,,-121.57
2026-03-16T12:19:02,short_orange,"3,4",R_only,593.05,-18,-33.92,-43.61,-33.81,-43.3,1.012,1.036,9.692,70.8,91.833,-121.34,
2026-03-16T12:19:04,short_orange,"3,4",both,593.05,-18,-33.93,-43.63,-33.8,-43.27,1.015,1.043,9.7,92.206,87.768,,
2026-03-16T12:19:06,short_orange,"3,4",L_only,769.71,-18,-33.92,-43.61,-33.8,-43.27,1.013,1.041,9.698,79.93,67.451,,-120.99
2026-03-16T12:19:08,short_orange,"3,4",R_only,769.71,-18,-33.92,-43.62,-33.8,-43.3,1.014,1.037,9.693,71.459,68.568,-121.51,
2026-03-16T12:19:10,short_orange,"3,4",both,769.71,-18,-33.93,-43.63,-33.81,-43.3,1.013,1.039,9.705,54.141,60.524,,
2026-03-16T12:19:12,short_orange,"3,4",L_only,999.0,-18,-33.92,-43.61,-33.8,-43.3,1.014,1.036,9.689,45.579,49.872,,-114.45
2026-03-16T12:19:14,short_orange,"3,4",R_only,999.0,-18,-33.91,-43.62,-33.8,-43.3,1.013,1.037,9.708,45.024,46.183,-114.33,
2026-03-16T12:19:17,short_orange,"3,4",both,999.0,-18,-33.92,-43.66,-33.8,-43.3,1.014,1.042,9.735,51.17,51.201,,
2026-03-16T12:19:19,short_orange,"3,4",L_only,1000.0,-18,-33.92,-43.63,-33.81,-43.3,1.013,1.038,9.703,76.974,80.879,,-112.1
2026-03-16T12:19:21,short_orange,"3,4",R_only,1000.0,-18,-33.91,-43.61,-33.8,-43.27,1.013,1.04,9.694,89.2,79.665,-112.38,
2026-03-16T12:19:23,short_orange,"3,4",both,1000.0,-18,-33.93,-43.63,-33.83,-43.3,1.011,1.038,9.706,76.264,76.155,,
2026-03-16T12:19:25,short_orange,"3,4",L_only,1534.13,-18,-33.91,-43.58,-33.8,-43.27,1.013,1.036,9.664,88.929,113.431,,-123.49
2026-03-16T12:19:27,short_orange,"3,4",R_only,1534.13,-18,-33.92,-43.61,-33.81,-43.27,1.012,1.04,9.69,93.614,90.007,-124.2,
2026-03-16T12:19:29,short_orange,"3,4",both,1534.13,-18,-33.92,-43.64,-33.8,-43.3,1.014,1.039,9.715,81.754,58.729,,
2026-03-16T12:19:31,short_orange,"3,4",L_only,2353.55,-18,-33.91,-43.59,-33.8,-43.27,1.013,1.039,9.682,112.034,87.2,,-122.65
2026-03-16T12:19:33,short_orange,"3,4",R_only,2353.55,-18,-33.92,-43.6,-33.8,-43.27,1.014,1.039,9.679,169.184,92.376,-129.39,
2026-03-16T12:19:35,short_orange,"3,4",both,2353.55,-18,-33.92,-43.61,-33.8,-43.23,1.014,1.045,9.687,222.483,343.328,,
2026-03-16T12:19:37,short_orange,"3,4",L_only,3610.64,-18,-33.92,-43.6,-33.81,-43.27,1.012,1.039,9.677,81.065,95.197,,-123.1
2026-03-16T12:19:39,short_orange,"3,4",R_only,3610.64,-18,-33.92,-43.6,-33.81,-43.23,1.012,1.043,9.681,84.627,103.096,-125.67,
2026-03-16T12:19:41,short_orange,"3,4",both,3610.64,-18,-33.92,-43.58,-33.8,-43.23,1.014,1.041,9.658,64.839,104.702,,
2026-03-16T12:19:43,short_orange,"3,4",L_only,5539.18,-18,-33.92,-43.56,-33.81,-43.23,1.013,1.04,9.642,33.716,56.564,,-121.71
2026-03-16T12:19:45,short_orange,"3,4",R_only,5539.18,-18,-33.92,-43.57,-33.8,-43.23,1.014,1.04,9.646,72.855,62.07,-122.98,
2026-03-16T12:19:47,short_orange,"3,4",both,5539.18,-18,-33.92,-43.6,-33.81,-43.27,1.012,1.039,9.675,41.174,52.097,,
2026-03-16T12:19:49,short_orange,"3,4",L_only,8497.81,-18,-33.92,-43.57,-33.8,-43.27,1.013,1.036,9.658,33.451,51.776,,-122.27
2026-03-16T12:19:51,short_orange,"3,4",R_only,8497.81,-18,-33.91,-43.58,-33.8,-43.23,1.013,1.041,9.662,54.438,64.744,-127.18,
2026-03-16T12:19:54,short_orange,"3,4",both,8497.81,-18,-33.91,-43.6,-33.81,-43.23,1.012,1.043,9.682,35.291,32.934,,
2026-03-16T12:19:56,short_orange,"3,4",L_only,13036.73,-18,-33.91,-43.57,-33.8,-43.27,1.013,1.036,9.662,0.0,0.0,,-122.13
2026-03-16T12:19:58,short_orange,"3,4",R_only,13036.73,-18,-33.92,-43.57,-33.81,-43.19,1.012,1.044,9.65,0.0,0.0,-123.21,
2026-03-16T12:20:00,short_orange,"3,4",both,13036.73,-18,-33.92,-43.6,-33.81,-43.27,1.013,1.039,9.678,0.0,0.0,,
2026-03-16T12:20:02,short_orange,"3,4",L_only,20000.0,-18,-33.91,-43.59,-33.8,-43.27,1.013,1.038,9.683,0.0,0.0,,-122.14
2026-03-16T12:20:04,short_orange,"3,4",R_only,20000.0,-18,-33.92,-43.57,-33.8,-43.27,1.014,1.035,9.644,0.0,0.0,-122.99,
2026-03-16T12:20:06,short_orange,"3,4",both,20000.0,-18,-33.93,-43.59,-33.81,-43.27,1.014,1.038,9.66,0.0,0.0,,
2026-03-16T12:20:08,short_orange,"3,4",L_only,20.0,-24,-33.91,-43.55,-33.8,-43.23,1.013,1.038,9.637,184.423,93.042,,-114.8
2026-03-16T12:20:10,short_orange,"3,4",R_only,20.0,-24,-33.91,-43.58,-33.8,-43.23,1.013,1.041,9.665,93.202,95.929,-116.68,
2026-03-16T12:20:12,short_orange,"3,4",both,20.0,-24,-33.92,-43.61,-33.8,-43.27,1.014,1.04,9.69,73.956,162.373,,
2026-03-16T12:20:14,short_orange,"3,4",L_only,25.96,-24,-33.91,-43.56,-33.77,-43.23,1.015,1.039,9.65,90.36,118.496,,-118.52
2026-03-16T12:20:16,short_orange,"3,4",R_only,25.96,-24,-33.92,-43.55,-33.81,-43.27,1.012,1.034,9.637,157.239,83.368,-122.54,
2026-03-16T12:20:18,short_orange,"3,4",both,25.96,-24,-33.92,-43.59,-33.81,-43.27,1.012,1.038,9.667,98.676,144.962,,
2026-03-16T12:20:20,short_orange,"3,4",L_only,33.69,-24,-33.92,-43.59,-33.8,-43.15,1.014,1.051,9.665,70.335,71.438,,-115.5
2026-03-16T12:20:22,short_orange,"3,4",R_only,33.69,-24,-33.91,-43.58,-33.81,-43.19,1.012,1.046,9.666,108.839,78.549,-121.36,
2026-03-16T12:20:24,short_orange,"3,4",both,33.69,-24,-33.92,-43.58,-33.81,-43.27,1.012,1.037,9.664,55.565,73.334,,
2026-03-16T12:20:26,short_orange,"3,4",L_only,43.73,-24,-33.92,-43.58,-33.8,-43.23,1.014,1.042,9.667,73.611,62.605,,-118.05
2026-03-16T12:20:28,short_orange,"3,4",R_only,43.73,-24,-33.92,-43.58,-33.81,-43.23,1.013,1.041,9.653,68.46,90.9,-116.08,
2026-03-16T12:20:31,short_orange,"3,4",both,43.73,-24,-33.93,-43.57,-33.81,-43.23,1.013,1.04,9.642,149.723,123.887,,
2026-03-16T12:20:33,short_orange,"3,4",L_only,56.75,-24,-33.92,-43.56,-33.8,-43.19,1.014,1.044,9.645,108.949,76.211,,-117.04
2026-03-16T12:20:35,short_orange,"3,4",R_only,56.75,-24,-33.92,-43.57,-33.81,-43.23,1.013,1.04,9.644,75.177,91.855,-116.87,
2026-03-16T12:20:37,short_orange,"3,4",both,56.75,-24,-33.93,-43.59,-33.81,-43.27,1.014,1.038,9.655,118.914,69.855,,
2026-03-16T12:20:39,short_orange,"3,4",L_only,73.66,-24,-33.92,-43.56,-33.8,-43.19,1.014,1.043,9.638,56.73,76.948,,-116.9
2026-03-16T12:20:41,short_orange,"3,4",R_only,73.66,-24,-33.93,-43.59,-33.8,-43.27,1.015,1.038,9.665,66.743,67.498,-117.62,
2026-03-16T12:20:43,short_orange,"3,4",both,73.66,-24,-33.93,-43.62,-33.81,-43.27,1.013,1.042,9.692,88.191,104.938,,
2026-03-16T12:20:45,short_orange,"3,4",L_only,95.6,-24,-33.93,-43.59,-33.81,-43.27,1.013,1.038,9.656,114.503,99.86,,-120.81
2026-03-16T12:20:47,short_orange,"3,4",R_only,95.6,-24,-33.92,-43.57,-33.8,-43.23,1.014,1.04,9.644,99.818,57.839,-120.57,
2026-03-16T12:20:49,short_orange,"3,4",both,95.6,-24,-33.93,-43.59,-33.83,-43.27,1.012,1.038,9.653,70.867,63.34,,
2026-03-16T12:20:51,short_orange,"3,4",L_only,124.07,-24,-33.92,-43.59,-33.81,-43.27,1.013,1.038,9.667,62.343,76.88,,-117.58
2026-03-16T12:20:53,short_orange,"3,4",R_only,124.07,-24,-33.93,-43.58,-33.8,-43.23,1.015,1.041,9.65,79.149,160.11,-119.74,
2026-03-16T12:20:55,short_orange,"3,4",both,124.07,-24,-33.92,-43.61,-33.81,-43.27,1.013,1.04,9.687,72.366,68.737,,
2026-03-16T12:20:57,short_orange,"3,4",L_only,161.03,-24,-33.92,-43.57,-33.83,-43.19,1.011,1.045,9.647,49.921,77.218,,-118.13
2026-03-16T12:20:59,short_orange,"3,4",R_only,161.03,-24,-33.93,-43.57,-33.83,-43.23,1.012,1.041,9.644,90.423,107.056,-121.63,
2026-03-16T12:21:01,short_orange,"3,4",both,161.03,-24,-33.93,-43.61,-33.81,-43.3,1.013,1.036,9.685,64.06,98.139,,
2026-03-16T12:21:04,short_orange,"3,4",L_only,209.0,-24,-33.93,-43.61,-33.81,-43.3,1.013,1.036,9.683,75.631,91.105,,-120.25
2026-03-16T12:21:06,short_orange,"3,4",R_only,209.0,-24,-33.94,-43.61,-33.83,-43.27,1.013,1.041,9.677,64.947,74.8,-119.22,
2026-03-16T12:21:08,short_orange,"3,4",both,209.0,-24,-33.94,-43.62,-33.83,-43.3,1.013,1.037,9.683,102.04,82.205,,
2026-03-16T12:21:10,short_orange,"3,4",L_only,271.26,-24,-33.93,-43.62,-33.81,-43.27,1.014,1.041,9.684,52.431,77.726,,-120.89
2026-03-16T12:21:12,short_orange,"3,4",R_only,271.26,-24,-33.93,-43.58,-33.83,-43.3,1.012,1.033,9.654,119.077,73.679,-123.5,
2026-03-16T12:21:14,short_orange,"3,4",both,271.26,-24,-33.94,-43.62,-33.83,-43.3,1.013,1.037,9.68,62.176,99.276,,
2026-03-16T12:21:16,short_orange,"3,4",L_only,352.06,-24,-33.92,-43.59,-33.81,-43.19,1.013,1.047,9.666,55.197,58.254,,-118.64
2026-03-16T12:21:18,short_orange,"3,4",R_only,352.06,-24,-33.92,-43.58,-33.81,-43.23,1.013,1.042,9.661,76.594,65.865,-119.95,
2026-03-16T12:21:20,short_orange,"3,4",both,352.06,-24,-33.93,-43.59,-33.83,-43.27,1.013,1.038,9.657,77.368,77.967,,
2026-03-16T12:21:22,short_orange,"3,4",L_only,456.94,-24,-33.93,-43.59,-33.83,-43.27,1.012,1.038,9.657,68.171,46.348,,-118.97
2026-03-16T12:21:24,short_orange,"3,4",R_only,456.94,-24,-33.92,-43.58,-33.81,-43.19,1.013,1.046,9.654,105.609,49.788,-122.62,
2026-03-16T12:21:26,short_orange,"3,4",both,456.94,-24,-33.93,-43.6,-33.8,-43.3,1.015,1.035,9.673,44.897,76.941,,
2026-03-16T12:21:28,short_orange,"3,4",L_only,593.05,-24,-33.93,-43.58,-33.83,-43.23,1.011,1.042,9.656,68.522,82.196,,-120.47
2026-03-16T12:21:30,short_orange,"3,4",R_only,593.05,-24,-33.93,-43.57,-33.83,-43.23,1.011,1.04,9.64,86.179,107.035,-121.85,
2026-03-16T12:21:32,short_orange,"3,4",both,593.05,-24,-33.93,-43.62,-33.83,-43.27,1.012,1.041,9.686,64.507,52.495,,
2026-03-16T12:21:34,short_orange,"3,4",L_only,769.71,-24,-33.92,-43.58,-33.81,-43.23,1.013,1.041,9.652,81.017,54.851,,-118.95
2026-03-16T12:21:36,short_orange,"3,4",R_only,769.71,-24,-33.92,-43.57,-33.79,-43.23,1.015,1.041,9.658,103.331,82.161,-122.8,
2026-03-16T12:21:38,short_orange,"3,4",both,769.71,-24,-33.92,-43.62,-33.83,-43.27,1.011,1.042,9.699,64.609,81.825,,
2026-03-16T12:21:41,short_orange,"3,4",L_only,999.0,-24,-33.93,-43.59,-33.8,-43.23,1.015,1.043,9.667,42.469,42.599,,-114.99
2026-03-16T12:21:43,short_orange,"3,4",R_only,999.0,-24,-33.92,-43.6,-33.81,-43.3,1.013,1.035,9.678,47.504,36.821,-114.74,
2026-03-16T12:21:45,short_orange,"3,4",both,999.0,-24,-33.92,-43.62,-33.81,-43.3,1.013,1.037,9.694,53.37,45.843,,
2026-03-16T12:21:47,short_orange,"3,4",L_only,1000.0,-24,-33.92,-43.6,-33.81,-43.3,1.012,1.035,9.688,73.68,71.307,,-111.59
2026-03-16T12:21:49,short_orange,"3,4",R_only,1000.0,-24,-33.92,-43.58,-33.8,-43.27,1.014,1.037,9.659,78.181,85.906,-112.15,
2026-03-16T12:21:51,short_orange,"3,4",both,1000.0,-24,-33.92,-43.61,-33.81,-43.3,1.012,1.036,9.69,79.275,80.533,,
2026-03-16T12:21:53,short_orange,"3,4",L_only,1534.13,-24,-33.92,-43.58,-33.81,-43.27,1.012,1.037,9.663,63.397,81.529,,-122.53
2026-03-16T12:21:55,short_orange,"3,4",R_only,1534.13,-24,-33.91,-43.58,-33.79,-43.27,1.014,1.037,9.676,142.479,69.277,-126.71,
2026-03-16T12:21:57,short_orange,"3,4",both,1534.13,-24,-33.92,-43.65,-33.81,-43.34,1.013,1.036,9.722,60.771,68.893,,
2026-03-16T12:21:59,short_orange,"3,4",L_only,2353.55,-24,-33.91,-43.63,-33.8,-43.3,1.013,1.039,9.721,93.003,93.175,,-122.08
2026-03-16T12:22:01,short_orange,"3,4",R_only,2353.55,-24,-33.91,-43.62,-33.79,-43.27,1.014,1.042,9.712,76.324,113.737,-124.75,
2026-03-16T12:22:03,short_orange,"3,4",both,2353.55,-24,-33.92,-43.64,-33.81,-43.3,1.012,1.039,9.721,100.09,166.885,,
2026-03-16T12:22:05,short_orange,"3,4",L_only,3610.64,-24,-33.91,-43.59,-33.79,-43.27,1.014,1.038,9.683,69.692,73.671,,-121.53
2026-03-16T12:22:07,short_orange,"3,4",R_only,3610.64,-24,-33.91,-43.6,-33.8,-43.27,1.012,1.04,9.698,66.673,61.658,-122.24,
2026-03-16T12:22:09,short_orange,"3,4",both,3610.64,-24,-33.91,-43.62,-33.79,-43.27,1.015,1.042,9.707,127.898,115.091,,
2026-03-16T12:22:11,short_orange,"3,4",L_only,5539.18,-24,-33.91,-43.61,-33.8,-43.27,1.013,1.04,9.695,56.127,66.128,,-121.93
2026-03-16T12:22:13,short_orange,"3,4",R_only,5539.18,-24,-33.92,-43.61,-33.8,-43.27,1.014,1.04,9.689,63.143,86.752,-121.62,
2026-03-16T12:22:15,short_orange,"3,4",both,5539.18,-24,-33.93,-43.63,-33.81,-43.3,1.013,1.039,9.708,38.32,49.467,,
2026-03-16T12:22:17,short_orange,"3,4",L_only,8497.81,-24,-33.93,-43.62,-33.81,-43.27,1.013,1.042,9.693,58.912,50.223,,-122.64
2026-03-16T12:22:20,short_orange,"3,4",R_only,8497.81,-24,-33.92,-43.61,-33.81,-43.27,1.012,1.041,9.695,37.334,26.632,-122.43,
2026-03-16T12:22:22,short_orange,"3,4",both,8497.81,-24,-33.91,-43.64,-33.8,-43.34,1.013,1.035,9.723,45.176,35.116,,
2026-03-16T12:22:24,short_orange,"3,4",L_only,13036.73,-24,-33.9,-43.61,-33.79,-43.3,1.013,1.035,9.702,0.0,0.0,,-124.08
2026-03-16T12:22:26,short_orange,"3,4",R_only,13036.73,-24,-33.91,-43.6,-33.79,-43.27,1.014,1.04,9.695,0.0,0.0,-123.68,
2026-03-16T12:22:28,short_orange,"3,4",both,13036.73,-24,-33.91,-43.63,-33.81,-43.3,1.012,1.039,9.72,0.0,0.0,,
2026-03-16T12:22:30,short_orange,"3,4",L_only,20000.0,-24,-33.91,-43.58,-33.79,-43.27,1.014,1.037,9.672,0.0,0.0,,-117.1
2026-03-16T12:22:32,short_orange,"3,4",R_only,20000.0,-24,-33.91,-43.58,-33.8,-43.23,1.013,1.042,9.671,0.0,0.0,-120.57,
2026-03-16T12:22:34,short_orange,"3,4",both,20000.0,-24,-33.92,-43.6,-33.8,-43.27,1.014,1.039,9.681,0.0,0.0,,
